train_lr,train_class_error,train_loss,train_loss_ce,train_loss_bbox,train_loss_giou,train_loss_ce_0,train_loss_bbox_0,train_loss_giou_0,train_loss_ce_1,train_loss_bbox_1,train_loss_giou_1,train_loss_ce_enc,train_loss_bbox_enc,train_loss_giou_enc,train_loss_ce_unscaled,train_class_error_unscaled,train_loss_bbox_unscaled,train_loss_giou_unscaled,train_cardinality_error_unscaled,train_loss_ce_0_unscaled,train_loss_bbox_0_unscaled,train_loss_giou_0_unscaled,train_cardinality_error_0_unscaled,train_loss_ce_1_unscaled,train_loss_bbox_1_unscaled,train_loss_giou_1_unscaled,train_cardinality_error_1_unscaled,train_loss_ce_enc_unscaled,train_loss_bbox_enc_unscaled,train_loss_giou_enc_unscaled,train_cardinality_error_enc_unscaled,test_class_error,test_loss,test_loss_ce,test_loss_bbox,test_loss_giou,test_loss_ce_0,test_loss_bbox_0,test_loss_giou_0,test_loss_ce_1,test_loss_bbox_1,test_loss_giou_1,test_loss_ce_enc,test_loss_bbox_enc,test_loss_giou_enc,test_loss_ce_unscaled,test_class_error_unscaled,test_loss_bbox_unscaled,test_loss_giou_unscaled,test_cardinality_error_unscaled,test_loss_ce_0_unscaled,test_loss_bbox_0_unscaled,test_loss_giou_0_unscaled,test_cardinality_error_0_unscaled,test_loss_ce_1_unscaled,test_loss_bbox_1_unscaled,test_loss_giou_1_unscaled,test_cardinality_error_1_unscaled,test_loss_ce_enc_unscaled,test_loss_bbox_enc_unscaled,test_loss_giou_enc_unscaled,test_cardinality_error_enc_unscaled,test_coco_eval_bbox,epoch,n_parameters,ema_test_class_error,ema_test_loss,ema_test_loss_ce,ema_test_loss_bbox,ema_test_loss_giou,ema_test_loss_ce_0,ema_test_loss_bbox_0,ema_test_loss_giou_0,ema_test_loss_ce_1,ema_test_loss_bbox_1,ema_test_loss_giou_1,ema_test_loss_ce_enc,ema_test_loss_bbox_enc,ema_test_loss_giou_enc,ema_test_loss_ce_unscaled,ema_test_class_error_unscaled,ema_test_loss_bbox_unscaled,ema_test_loss_giou_unscaled,ema_test_cardinality_error_unscaled,ema_test_loss_ce_0_unscaled,ema_test_loss_bbox_0_unscaled,ema_test_loss_giou_0_unscaled,ema_test_cardinality_error_0_unscaled,ema_test_loss_ce_1_unscaled,ema_test_loss_bbox_1_unscaled,ema_test_loss_giou_1_unscaled,ema_test_cardinality_error_1_unscaled,ema_test_loss_ce_enc_unscaled,ema_test_loss_bbox_enc_unscaled,ema_test_loss_giou_enc_unscaled,ema_test_cardinality_error_enc_unscaled,ema_test_coco_eval_bbox,all_best_res,all_best_ep,regular_best_res,regular_best_ep,ema_best_res,ema_best_ep,now_time,train_epoch_time,epoch_time
9.999999999999965e-05,19.968026946311774,7.0426225662231445,0.9036929094514181,0.3290612760671349,0.292233901107034,1.1557193384614102,0.3606164962053299,0.3202663149944572,0.9569142998651017,0.33107813981383344,0.29676239556351375,1.1909418984901072,0.48764304754345916,0.4176925699378169,0.9036929094514181,19.968026946311774,0.06581225519090197,0.146116950553517,3190.6476744186048,1.1557193384614102,0.07212329902794472,0.1601331574972286,2947.01511627907,0.9569142998651017,0.0662156280130148,0.14838119778175687,3134.961046511628,1.1909418984901072,0.09752860937354177,0.20884628496890845,3101.940988372093,4.100492785053868,5.15097415062689,0.6987147177419355,0.21258672098478965,0.1776688972548131,0.9380040322580645,0.20893012395789545,0.178083376177857,0.7245463709677419,0.21719865176466205,0.18093911822765105,1.0355972782258065,0.31832591276015004,0.26037895799644534,0.6987147177419355,4.100492785053868,0.04251734410682993,0.08883444862740655,252.49495967741936,0.9380040322580645,0.0417860247375023,0.0890416880889285,226.70665322580646,0.7245463709677419,0.04343973025078735,0.09046955911382552,251.8366935483871,1.0355972782258065,0.06366518211941566,0.13018947899822267,247.51814516129033,"[0.6177948103815435, 0.7666927309104052, 0.6633590316701652, 0.29570957095709566, 0.3848331347245936, 0.668700995080328, 0.40875972848110614, 0.8061140991403262, 0.8769461906955375, 0.35, 0.768543783049943, 0.9078834683953505]",0,31875896,4.611131606563445,5.096523100329984,0.6900831653225806,0.21419475948618305,0.17697310339539282,0.9426033266129032,0.20140936141533236,0.17342931140334375,0.7172379032258065,0.21454291574416623,0.17809840447960362,1.0335181451612903,0.303930958432536,0.2505017473332344,0.6900831653225806,4.611131606563445,0.04283895172298916,0.08848655169769641,254.6804435483871,0.9426033266129032,0.04028187220495555,0.08671465570167187,226.41229838709677,0.7172379032258065,0.04290858283638954,0.08904920223980181,252.50806451612902,1.0335181451612903,0.06078619185474611,0.1252508736666172,249.21774193548387,"[0.6196107401739389, 0.7667724072944297, 0.6693770642754778, 0.29570957095709566, 0.3870714877867572, 0.6697720019776646, 0.4146241248723989, 0.8118348505627127, 0.877976117335622, 0.35, 0.7728949398968625, 0.906868047844516]",0.6196107401739389,0,0.6177948103815435,0,0.6196107401739389,0,2025-04-03 17:48:49.263948,0:02:12,0:02:55
9.999999999999965e-05,2.705692699343659,4.931019399332445,0.638333853455477,0.22358897259069044,0.18727751644544824,0.8067415115445159,0.22248914234859998,0.19223701503387716,0.6634332369926363,0.22188460029834925,0.18760091801022374,0.9070502353269,0.37981432433738266,0.3005680656710336,0.638333853455477,2.705692699343659,0.04471779448348422,0.09363875822272412,3253.4497093023256,0.8067415115445159,0.04449782853209695,0.09611850751693858,2966.981976744186,0.6634332369926363,0.044376919955708256,0.09380045900511187,3283.7273255813952,0.9070502353269,0.07596286486747653,0.1502840328355168,3203.479069767442,2.8649176320722027,4.523117930658402,0.5725491431451613,0.23351876221356854,0.1833827219182445,0.7116935483870968,0.21364930163948767,0.18002436838803754,0.5900327620967742,0.22649084091667207,0.18257096710224305,0.7971900201612904,0.3588385216651424,0.2731769515141364,0.5725491431451613,2.8649176320722027,0.046703752280483325,0.09169136095912225,257.241935483871,0.7116935483870968,0.042729860321889,0.09001218419401877,237.73487903225808,0.5900327620967742,0.04529816819535148,0.09128548355112152,261.58165322580646,0.7971900201612904,0.07176770420084076,0.1365884757570682,242.42943548387098,"[0.6873789737011898, 0.8488049347848693, 0.750215867953398, 0.3287128712871287, 0.4824775902374166, 0.7318589683351383, 0.43331666303854677, 0.8189368912116133, 0.8729374030509042, 0.325, 0.7594505061911769, 0.9070279480496113]",1,31875896,1.6147900242959299,4.246114573171062,0.558625252016129,0.19049471027908788,0.16132485193590965,0.7043220766129032,0.19027769253138574,0.16625804682412454,0.5792905745967742,0.19015882692990765,0.161692310364977,0.791015625,0.3059509759468417,0.24670366101687954,0.558625252016129,1.6147900242959299,0.0380989420978773,0.08066242596795482,247.87298387096774,0.7043220766129032,0.03805553847022595,0.08312902341206227,230.46774193548387,0.5792905745967742,0.03803176510958902,0.0808461551824885,252.50907258064515,0.791015625,0.061190195201385404,0.12335183050843977,237.37600806451613,"[0.7113050808622585, 0.8615999444378506, 0.7746740080032601, 0.3287128712871287, 0.5047084858592213, 0.7530636992861993, 0.44068538384045636, 0.8443973475910548, 0.8878606440987704, 0.325, 0.7891339191043649, 0.915155774398057]",0.7113050808622585,1,0.6873789737011898,1,0.7113050808622585,1,2025-04-03 17:51:46.428103,0:02:12,0:02:57
9.999999999999965e-05,1.2902723090593204,4.4350592790648,0.5559154862581297,0.20978396067092586,0.1777733590713767,0.6866293161414391,0.21612242377081584,0.18386811423440313,0.5768149612947951,0.21305965819331102,0.17998847136663837,0.7618368567422379,0.37941666259322054,0.29385002220785894,0.5559154862581297,1.2902723090593204,0.041956792226017905,0.08888667953568835,3296.443604651163,0.6866293161414391,0.04322448461208232,0.09193405711720157,2931.596511627907,0.5768149612947951,0.04261193158494872,0.08999423568331918,3300.9811046511627,0.7618368567422379,0.07588333248399025,0.14692501110392947,3093.4037790697676,1.2095950957267516,4.2354077177663,0.5366683467741935,0.20309783326041314,0.16820538909204544,0.651335685483871,0.2124387203685699,0.17985274486484065,0.5631300403225806,0.20238878373657504,0.16838807804930594,0.7307837701612904,0.34706215656572775,0.27205616548176736,0.5366683467741935,1.2095950957267516,0.04061956661603143,0.08410269454602272,244.0514112903226,0.651335685483871,0.04248774379131294,0.08992637243242033,223.39717741935485,0.5631300403225806,0.04047775665117848,0.08419403902465297,242.86491935483872,0.7307837701612904,0.06941243152945273,0.13602808274088368,237.89314516129033,"[0.7297381758519216, 0.8803396802987843, 0.7958753787446654, 0.30297029702970296, 0.5531771850578221, 0.7703953391895355, 0.4508879169545039, 0.8419794481150529, 0.8914199085169638, 0.3, 0.7752572644877158, 0.9221785001874384]",2,31875896,1.0689303490423387,3.9173285192058933,0.5020161290322581,0.1852262259250687,0.15587043389678001,0.6313319052419355,0.1828886548117284,0.15919715670808668,0.5151524697580645,0.18803169109648274,0.15802850249794223,0.7035660282258065,0.2964928508285553,0.23952650567216258,0.5020161290322581,1.0689303490423387,0.03704524538930385,0.07793521694839001,249.90524193548387,0.6313319052419355,0.036577731010413936,0.07959857835404334,232.41532258064515,0.5151524697580645,0.03760633824933921,0.07901425124897112,249.15725806451613,0.7035660282258065,0.05929857053824009,0.11976325283608129,237.34576612903226,"[0.7467819846046467, 0.8950934895734518, 0.8172946066483165, 0.32046204620462043, 0.566539822617211, 0.7884387360491009, 0.45801483401280335, 0.8507909867912203, 0.892625045132435, 0.35, 0.7905631461624198, 0.9224810802266479]",0.7467819846046467,2,0.7297381758519216,2,0.7467819846046467,2,2025-04-03 17:54:45.879563,0:02:12,0:02:59
9.999999999999965e-05,0.913455590536428,4.341619996137397,0.514281179045522,0.20559014944836151,0.1711092657821123,0.6665399002474408,0.21925281660501347,0.18170323008021644,0.5454461492771326,0.20768452969401383,0.17273100701182387,0.7568034163741179,0.39852895431740337,0.30194939180862074,0.514281179045522,0.913455590536428,0.041118029886206914,0.08555463289105615,3219.023837209302,0.6665399002474408,0.043850563310606536,0.09085161504010822,2742.921511627907,0.5454461492771326,0.041536905997714334,0.08636550350591193,3238.709593023256,0.7568034163741179,0.07970579058624977,0.15097469590431037,3017.913953488372,1.6844500880087576,4.199485052016474,0.5283203125,0.21622812928211305,0.17262338354222237,0.6175340221774194,0.21162959488649521,0.17485131167115703,0.5485131048387096,0.2059781989983974,0.16922034443386139,0.7096774193548387,0.36665919471171593,0.278250040306199,0.5283203125,1.6844500880087576,0.04324562604268713,0.08631169177111118,244.75604838709677,0.6175340221774194,0.042325918953264915,0.08742565583557851,227.3820564516129,0.5485131048387096,0.0411956396194235,0.08461017221693069,241.46673387096774,0.7096774193548387,0.07333183919470157,0.1391250201530995,233.44052419354838,"[0.7321042977185833, 0.8940944722739822, 0.8028949694440586, 0.3801980198019802, 0.5707166740795082, 0.766702265228345, 0.4486955706980611, 0.8314854812577541, 0.8779765966271904, 0.375, 0.7805335461868363, 0.9035031852172242]",3,31875896,1.0278231713079637,3.7781162684963596,0.4529674899193548,0.19300421050960018,0.15630980821386461,0.5735887096774194,0.1916048098956385,0.161701649066902,0.47580645161290325,0.18931067326376516,0.15619654604984867,0.6649445564516129,0.31730074098994654,0.24538060085427377,0.4529674899193548,1.0278231713079637,0.038600842258141886,0.07815490410693231,245.46370967741936,0.5735887096774194,0.038320961858957045,0.080850824533451,231.56854838709677,0.47580645161290325,0.03786213455661651,0.07809827302492434,245.1804435483871,0.6649445564516129,0.06346014802975039,0.12269030042713688,236.05342741935485,"[0.7677606620598839, 0.9137583482477973, 0.8349348143632406, 0.3287128712871287, 0.604147155505758, 0.805651906173965, 0.4695102667141981, 0.8513555839680073, 0.8912721122437649, 0.325, 0.8010827031377523, 0.9179869424890352]",0.7677606620598839,3,0.7321042977185833,3,0.7677606620598839,3,2025-04-03 17:57:44.688987,0:02:12,0:02:58
9.999999999999965e-05,0.8919106416924055,4.096759933649108,0.4920066319232763,0.2019814582411633,0.1683878003511318,0.5917076988275661,0.214776923004971,0.17792274480642276,0.5105506949646529,0.20310573609069335,0.16940986344287562,0.679385271460511,0.39262273145276444,0.29490236993445906,0.4920066319232763,0.8919106416924055,0.040396291788580806,0.0841939001755659,3249.0921511627907,0.5917076988275661,0.04295538459406343,0.08896137240321138,2680.116860465116,0.5105506949646529,0.04062114714016748,0.08470493172143781,3231.538081395349,0.679385271460511,0.078524546515803,0.14745118496722953,2953.4002906976743,1.2301334258048766,3.963424067343435,0.4738218245967742,0.2037728884287419,0.16801783190138878,0.5665637600806451,0.2094861413201978,0.1730407930670246,0.48828125,0.20368577864381573,0.1694311119856373,0.6484375,0.37632938498450863,0.2825558079827216,0.4738218245967742,1.2301334258048766,0.04075457786600436,0.08400891595069439,254.4485887096774,0.5665637600806451,0.041897227957604394,0.0865203965335123,222.5514112903226,0.48828125,0.040737155704729015,0.08471555599281864,247.83064516129033,0.6484375,0.07526587694883347,0.1412779039913608,234.46975806451613,"[0.7496557676278466, 0.9154915982498234, 0.8191394361258315, 0.404950495049505, 0.5852704315127624, 0.7884410538945119, 0.45740515107667934, 0.8391385115847071, 0.8732171342996692, 0.4, 0.7924100137230033, 0.8988669675176494]",4,31875896,1.0009806233067666,3.643115039794676,0.4308215725806452,0.19100967229854676,0.1529462264189797,0.5296433971774194,0.19585576353053893,0.16047298788062989,0.4485257056451613,0.18714775193122127,0.15276712780037233,0.6197706653225806,0.32729738085500654,0.24685685192385026,0.4308215725806452,1.0009806233067666,0.03820193450777761,0.07647311320948985,245.80645161290323,0.5296433971774194,0.03917115262799686,0.08023649394031494,225.1602822580645,0.4485257056451613,0.0374295505424661,0.07638356390018616,244.93447580645162,0.6197706653225806,0.0654594762431037,0.12342842596192513,233.89012096774192,"[0.7824580319128175, 0.9239164134821936, 0.8538675200784042, 0.3792079207920792, 0.6102277087169486, 0.8233391906809518, 0.47446886416784945, 0.8559777138875311, 0.890285499630915, 0.375, 0.7973749697619159, 0.9168479690632865]",0.7824580319128175,4,0.7496557676278466,4,0.7824580319128175,4,2025-04-03 18:00:44.232416,0:02:13,0:02:59
9.999999999999965e-05,0.6080944327420966,3.981609289036241,0.46228668703589326,0.20066798734803531,0.16837447562883068,0.5601885260537613,0.2137525253517683,0.1780694261539814,0.48105855334636777,0.2027833638496177,0.17034043330092763,0.6581306314745615,0.3896505621976631,0.2963061223196429,0.46228668703589326,0.6080944327420966,0.04013359745054744,0.08418723781441534,3228.4822674418606,0.5601885260537613,0.04275050500277863,0.0890347130769907,2561.1444767441862,0.48105855334636777,0.04055667283923127,0.08517021665046381,3207.313662790698,0.6581306314745615,0.0779301123390364,0.14815306115982144,2868.603488372093,0.7089146029564642,3.876314740027151,0.4654737903225806,0.20338801474821183,0.16342950311879959,0.5427482358870968,0.2122315439966417,0.17124195733378011,0.4793031754032258,0.20223072543740273,0.16360578722050112,0.6413180443548387,0.36060242691347677,0.27074148986608754,0.4654737903225806,0.7089146029564642,0.040677603123889815,0.08171475155939979,241.23487903225808,0.5427482358870968,0.042446308739243016,0.08562097866689006,224.67842741935485,0.4793031754032258,0.040446145219668266,0.08180289361025056,239.9959677419355,0.6413180443548387,0.07212048504621751,0.13537074493304377,229.11693548387098,"[0.7689087700052943, 0.9263744217425924, 0.8357668547883097, 0.2558855885588559, 0.6140198720852825, 0.814279538841912, 0.4653722275193234, 0.8455689785347351, 0.8725906584592855, 0.275, 0.7877974743569743, 0.9039806652015223]",5,31875896,1.0131744876984627,3.545890200522638,0.4237021169354839,0.17911688562843106,0.14952936167678527,0.5030871975806451,0.19339669399684475,0.16030702715919865,0.43746849798387094,0.18219273429243796,0.15312175068163103,0.6000189012096774,0.318965774149664,0.24498324745124386,0.4237021169354839,1.0131744876984627,0.035823377149720344,0.07476468083839263,246.84173387096774,0.5030871975806451,0.03867933860108737,0.08015351357959932,221.78125,0.43746849798387094,0.036438546774368134,0.07656087534081552,244.88709677419354,0.6000189012096774,0.06379315497413758,0.12249162372562193,230.2953629032258,"[0.7917131243493936, 0.9330798907175964, 0.8585111299193254, 0.3297029702970297, 0.6492975472729344, 0.835026029155381, 0.476520207920217, 0.8623296002591538, 0.8925241824537861, 0.325, 0.8098834454685828, 0.9214308916037057]",0.7917131243493936,5,0.7689087700052943,5,0.7917131243493936,5,2025-04-03 18:03:43.357767,0:02:12,0:02:59
9.999999999999965e-05,0.4766792474791061,3.898532590200735,0.4479382162870363,0.20114316808622937,0.16811931112477946,0.5347963234712911,0.21490596560544745,0.1788585383878198,0.4635681774727134,0.2033512617612994,0.17025651817404946,0.6344254263611727,0.3864696961502696,0.29470000287821124,0.4479382162870363,0.4766792474791061,0.04022863361724587,0.08405965556238973,3203.923546511628,0.5347963234712911,0.042981193041385604,0.0894292691939099,2525.229069767442,0.4635681774727134,0.04067025234879449,0.08512825908702473,3197.080523255814,0.6344254263611727,0.07729393912609234,0.14735000143910562,2871.343895348837,1.3058668567288307,3.858585138474741,0.4515498991935484,0.19232600410619088,0.1628120197884498,0.5374873991935484,0.21079866503996234,0.1739878400919899,0.46311113911290325,0.19517499556945217,0.16596369541460468,0.6250630040322581,0.38674057635568804,0.2935699000954628,0.4515498991935484,1.3058668567288307,0.03846520068304193,0.0814060098942249,249.58064516129033,0.5374873991935484,0.04215973291185594,0.08699392004599495,230.07157258064515,0.46311113911290325,0.039034998915608854,0.08298184770730234,248.26310483870967,0.6250630040322581,0.07734811504281336,0.1467849500477314,234.33568548387098,"[0.7790340648393006, 0.9348771956686152, 0.8532244746809721, 0.3792079207920792, 0.6229314397063217, 0.8196165949926922, 0.4689064181069267, 0.8469010468705763, 0.8782183480705321, 0.375, 0.7997995559805844, 0.904079082212261]",6,31875896,0.879350108485068,3.5162625274350567,0.4166929183467742,0.18277048259492842,0.15179860964417458,0.4871156754032258,0.1956425041200653,0.1605095555705409,0.4295772429435484,0.18303689408686855,0.1535378186212432,0.5877961189516129,0.31782305192562843,0.24996169488276204,0.4166929183467742,0.879350108485068,0.03655409659709661,0.07589930482208729,244.85383064516128,0.4871156754032258,0.039128500908132524,0.08025477778527045,219.68548387096774,0.4295772429435484,0.03660737891351023,0.0767689093106216,242.92943548387098,0.5877961189516129,0.06356461063748406,0.12498084744138102,231.46270161290323,"[0.795253380502807, 0.9394773013447546, 0.8625818560121946, 0.35445544554455444, 0.638175433974135, 0.8398274041879841, 0.47931825491793295, 0.86070280095628, 0.8890074195238707, 0.35, 0.8072676460414675, 0.9194712850313599]",0.795253380502807,6,0.7790340648393006,6,0.795253380502807,6,2025-04-03 18:06:44.525355,0:02:14,0:03:01
9.999999999999965e-05,0.368503268929415,3.7172395783801413,0.42421384134957957,0.18593190665854964,0.15861938945775808,0.5100944652113804,0.19922005679718283,0.16801597877990368,0.43712028930353564,0.1891287648400595,0.16134202255066052,0.6113467547782632,0.38203558457452197,0.2901705098013545,0.42421384134957957,0.368503268929415,0.03718638137675995,0.07930969472887904,3216.8343023255816,0.5100944652113804,0.039844011368100035,0.08400798938995184,2565.5883720930233,0.43712028930353564,0.037825753045983096,0.08067101127533026,3194.6267441860464,0.6113467547782632,0.07640711730995843,0.14508525490067725,2888.641569767442,0.8035741006174395,3.874773379295103,0.4483996975806452,0.19778345308957562,0.1694536638115683,0.5178301411290323,0.2136845347141066,0.17460800527084258,0.46389868951612906,0.19843460847773858,0.1695979775920991,0.6209992439516129,0.41112002441959994,0.28896334070351815,0.4483996975806452,0.8035741006174395,0.03955669079216257,0.08472683190578414,251.0514112903226,0.5178301411290323,0.042736907069000504,0.08730400263542129,230.9415322580645,0.46389868951612906,0.03968692180370131,0.08479898879604955,246.54939516129033,0.6209992439516129,0.08222400517232957,0.14448167035175907,236.83064516129033,"[0.7797477609093092, 0.9383049926436574, 0.8566703559623865, 0.45445544554455447, 0.6316354161225072, 0.8189948275938479, 0.469912334272389, 0.8473338346842813, 0.8742392556403941, 0.45, 0.7820660750175777, 0.9061915643611614]",7,31875896,0.7288455347861013,3.4346730132256784,0.4012569304435484,0.17564192570505605,0.1485823855525063,0.47271925403225806,0.19110932898136876,0.1588581036175451,0.4163148941532258,0.17848843876873294,0.15089159482909786,0.5735887096774194,0.3178534161659979,0.24936801555656618,0.4012569304435484,0.7288455347861013,0.035128385219122135,0.07429119277625315,242.7741935483871,0.47271925403225806,0.038221865862367616,0.07942905180877255,220.9576612903226,0.4163148941532258,0.035697687687652725,0.07544579741454893,242.03125,0.5735887096774194,0.06357068310101185,0.12468400777828309,232.8991935483871,"[0.8078339999198615, 0.948267581646384, 0.8748617373374882, 0.4297029702970297, 0.6458555784541113, 0.8510714602761842, 0.48400372621702425, 0.864847886989892, 0.8906900334333233, 0.425, 0.8094740794622934, 0.9210339178921274]",0.8078339999198615,7,0.7797477609093092,7,0.8078339999198615,7,2025-04-03 18:09:44.807599,0:02:13,0:03:00
9.999999999999965e-05,0.33635324877361916,3.6381336001462716,0.4088084754555724,0.1865036672977514,0.15753788975782174,0.491958447251209,0.20296638039655462,0.16794951107612877,0.4216469583123229,0.19034844872563383,0.16058229007000147,0.5964891733125198,0.37176349066024605,0.28157885490461837,0.4088084754555724,0.33635324877361916,0.03730073351153108,0.07876894487891087,3234.201453488372,0.491958447251209,0.04059327607757823,0.08397475553806438,2562.0436046511627,0.4216469583123229,0.038069689758988313,0.08029114503500073,3198.0043604651164,0.5964891733125198,0.07435269814937613,0.14078942745230918,2836.649127906977,0.9136097815728956,3.681666270379097,0.42795488911290325,0.18676170694731897,0.15744999964391032,0.4944871471774194,0.2094335265217289,0.17048240272748855,0.4367124495967742,0.19233910066466178,0.16068754585519915,0.6037361391129032,0.35814018307193635,0.28348116384398553,0.42795488911290325,0.9136097815728956,0.03735234149761738,0.07872499982195516,235.04435483870967,0.4944871471774194,0.04188670539447377,0.08524120136374427,220.3014112903226,0.4367124495967742,0.03846782037327366,0.08034377292759957,237.78427419354838,0.6037361391129032,0.07162803687876271,0.14174058192199276,229.7258064516129,"[0.7828105586887936, 0.9439210352026349, 0.8536758820862543, 0.4297029702970297, 0.6646992798721826, 0.8165909853851065, 0.46528798845189245, 0.8569465059716203, 0.8928730636826827, 0.425, 0.8217977416955483, 0.9181053296860777]",8,31875896,0.7154281370101436,3.348381830799964,0.3890656502016129,0.17118405947281468,0.1446554083977976,0.4555821572580645,0.18581552503089752,0.15507910460714372,0.3984532510080645,0.17662673515658225,0.1489255744363031,0.5519783266129032,0.3172297028283919,0.2537863552570343,0.3890656502016129,0.7154281370101436,0.03423681212288718,0.0723277041988988,244.5866935483871,0.4555821572580645,0.03716310483193205,0.07753955230357186,221.5453629032258,0.3984532510080645,0.03532534684505193,0.07446278721815155,243.1008064516129,0.5519783266129032,0.06344594019314935,0.12689317762851715,229.7570564516129,"[0.8118084946101966, 0.950224607618499, 0.8836895113454192, 0.45445544554455447, 0.6840052060567833, 0.851567647200409, 0.4844335751778255, 0.8694989021333445, 0.895638491826597, 0.45, 0.8206806327050595, 0.9248658713546709]",0.8118084946101966,8,0.7828105586887936,8,0.8118084946101966,8,2025-04-03 18:12:45.746254,0:02:14,0:03:00
9.999999999999965e-05,0.35075208087300147,3.536487387501916,0.3972759241281554,0.1791126553055852,0.15389507017856421,0.4732470291991567,0.1963450969651688,0.16475541272828745,0.4098601506893025,0.18250718622706658,0.15637587925722432,0.5711091049881869,0.3693378935719645,0.28266598388206127,0.3972759241281554,0.35075208087300147,0.03582253097448238,0.07694753508928211,3169.505523255814,0.4732470291991567,0.03926901941209338,0.08237770636414372,2553.6366279069766,0.4098601506893025,0.03650143724368062,0.07818793962861216,3139.954651162791,0.5711091049881869,0.07386757863122363,0.14133299194103063,2894.447965116279,0.8169579044465096,3.72417349584641,0.4187563004032258,0.18175869759532712,0.15381735671431787,0.4907069052419355,0.2070585870214047,0.1713786734448325,0.43305821572580644,0.19059964185280184,0.16069228658753057,0.6013104838709677,0.39393324092511206,0.32110312052311435,0.4187563004032258,0.8169579044465096,0.03635173954910809,0.07690867835715894,241.7076612903226,0.4907069052419355,0.04141171760256252,0.08568933672241626,232.8477822580645,0.43305821572580644,0.03811992831047504,0.08034614329376528,244.3235887096774,0.6013104838709677,0.07878664778845926,0.16055156026155717,234.37802419354838,"[0.7917018203680125, 0.9503715514183413, 0.8684610361184073, 0.404950495049505, 0.6751220036026347, 0.823446574807346, 0.46913969028539293, 0.8612747710185348, 0.8857184205184598, 0.4, 0.8089830988892734, 0.9104837871164225]",9,31875896,0.5899744341450353,3.2652678835776543,0.37444871471774194,0.16721969530467065,0.1419134127997583,0.4456590221774194,0.1841657726514724,0.15199941564952174,0.3902627268145161,0.16946352862061992,0.14327815090937,0.5404485887096774,0.3101807582762934,0.246228085890893,0.37444871471774194,0.5899744341450353,0.033443938940763474,0.07095670639987915,242.23387096774192,0.4456590221774194,0.03683315454832008,0.07599970782476087,226.25604838709677,0.3902627268145161,0.03389270582626904,0.071639075454685,241.62701612903226,0.5404485887096774,0.06203615160719041,0.1231140429454465,233.32762096774192,"[0.8215691205339964, 0.95927214375826, 0.8975425247502287, 0.4297029702970297, 0.6999646161718679, 0.8602119908777889, 0.486970941378519, 0.8768712486680036, 0.8987930015354282, 0.425, 0.8143368256907283, 0.9265934925505921]",0.8215691205339964,9,0.7917018203680125,9,0.8215691205339964,9,2025-04-03 18:15:48.096683,0:02:13,0:03:02
9.999999999999965e-05,0.31353738474291426,3.448617160043051,0.3828086997880492,0.17272823913845906,0.1486256558534711,0.47134953557058823,0.188895618880904,0.1589293327788974,0.39913852006890055,0.17499250322580337,0.15081140690071637,0.5713747574839481,0.35680554003216497,0.27215736653915673,0.3828086997880492,0.31353738474291426,0.03454564792472263,0.07431282792673555,3186.7125,0.47134953557058823,0.037779123717269235,0.0794646663894487,2466.6918604651164,0.39913852006890055,0.034998500650358755,0.07540570345035819,3129.1834302325583,0.5713747574839481,0.07136110817623693,0.13607868326957837,2833.1691860465116,1.133999240013861,3.6766772270202637,0.40335181451612906,0.18931948321480904,0.16181752554351284,0.5013860887096774,0.20565503270876023,0.17340229764100043,0.4256552419354839,0.19245609052238927,0.16519936090034823,0.5865045362903226,0.38471435154637984,0.2872154277659232,0.40335181451612906,1.133999240013861,0.03786389649875702,0.08090876277175642,239.5171370967742,0.5013860887096774,0.04113100667393977,0.08670114882050022,221.42237903225808,0.4256552419354839,0.038491218020358396,0.08259968045017411,239.52318548387098,0.5865045362903226,0.07694287009296878,0.1436077138829616,230.77822580645162,"[0.7844793065950958, 0.9423155775461218, 0.8712177207736546, 0.45445544554455447, 0.6563098036437354, 0.8282067044028646, 0.47526228638780577, 0.8479133417424615, 0.8707431107185407, 0.45, 0.7862063831182192, 0.8978385375307606]",10,31875896,0.5663348782447076,3.206805782933389,0.3568075856854839,0.1667205100097964,0.14099744166578015,0.4322391633064516,0.17936247755442897,0.150839552643799,0.37399193548387094,0.1706049896536335,0.1441372357789547,0.5366683467741935,0.307890847325325,0.24654573947191238,0.3568075856854839,0.5663348782447076,0.03334410224230059,0.07049872083289008,242.67137096774192,0.4322391633064516,0.03587249528256155,0.0754197763218995,223.64112903225808,0.37399193548387094,0.034120997954760826,0.07206861788947735,240.7741935483871,0.5366683467741935,0.061578169104553035,0.12327286973595619,231.46875,"[0.8276410939254992, 0.9597364994631032, 0.9005532322983709, 0.45445544554455447, 0.7042501266288358, 0.8650614481249724, 0.49091990670720864, 0.8783591264347949, 0.8988020482509463, 0.45, 0.8167221950927265, 0.927104693280751]",0.8276410939254992,10,0.7917018203680125,9,0.8276410939254992,10,2025-04-03 18:18:48.372616,0:02:13,0:03:00
9.999999999999965e-05,0.32801790459211483,3.4788346423659213,0.38013296959012055,0.1776753906940305,0.1528765982666681,0.4563023876312167,0.19679088855898658,0.1648533059414043,0.3933279490748117,0.1829448513166849,0.15629803735849468,0.5593333972054858,0.3736168358908143,0.2846820357233979,0.38013296959012055,0.32801790459211483,0.03553507820984652,0.07643829913333405,3161.447093023256,0.4563023876312167,0.039358177798431974,0.08242665297070215,2540.1697674418606,0.3933279490748117,0.03658897028586199,0.07814901867924734,3184.6875,0.5593333972054858,0.0747233674969784,0.14234101786169895,2805.3238372093024,0.8143401607390373,3.7770925144995413,0.4388230846774194,0.18490200838254345,0.15579195392708625,0.5305254536290323,0.2096146522991119,0.16928564228357806,0.45268397177419356,0.19176860285862798,0.16026372967227812,0.6264490927419355,0.3737642784272471,0.2832200594486729,0.4388230846774194,0.8143401607390373,0.03698040157436363,0.07789597696354313,245.67237903225808,0.5305254536290323,0.041922930297592,0.08464282114178903,238.69657258064515,0.45268397177419356,0.038353720499623205,0.08013186483613906,248.8921370967742,0.6264490927419355,0.07475285538502278,0.14161002972433645,241.34072580645162,"[0.7927653991987543, 0.9379630842680993, 0.8754763253963721, 0.4063006300630063, 0.6342711621432874, 0.8306219769756732, 0.4807432851772467, 0.8568957249307073, 0.8825288424536804, 0.425, 0.8065638181826403, 0.9129855470740073]",11,31875896,0.6097650835590978,3.181343009394984,0.3497983870967742,0.16674089648069873,0.14183581223891628,0.4289944556451613,0.1830827245308507,0.15194532419404677,0.3651241179435484,0.16882525793006342,0.14351607294332597,0.5246975806451613,0.31201634868498773,0.2447660370699821,0.3497983870967742,0.6097650835590978,0.033348179181977626,0.07091790611945814,246.68850806451613,0.4289944556451613,0.036616544990289594,0.07597266209702339,229.34576612903226,0.3651241179435484,0.033765051664123615,0.07175803647166298,244.8639112903226,0.5246975806451613,0.06240326959279276,0.12238301853499105,233.59173387096774,"[0.8289390037222885, 0.9600453694842825, 0.9023133753492604, 0.45445544554455447, 0.7086535659709785, 0.8673660114092594, 0.49385578640145616, 0.8763713582298797, 0.8952875074256159, 0.45, 0.8188520300775678, 0.9238197557350619]",0.8289390037222885,11,0.7927653991987543,11,0.8289390037222885,11,2025-04-03 18:21:49.964662,0:02:13,0:03:01
9.999999999999965e-05,0.3761635358943496,3.454440300963646,0.3790960666745208,0.17576368766468625,0.15071308526188829,0.44831074600995974,0.19657280916391418,0.16385080190592033,0.39346314904301666,0.17942844670872354,0.15312898408534914,0.557976522833802,0.3733783888955449,0.282757631706637,0.3790960666745208,0.3761635358943496,0.0351527375710565,0.07535654263094414,3010.7837209302324,0.44831074600995974,0.03931456193501173,0.08192540095296016,2505.2787790697676,0.39346314904301666,0.03588568941625052,0.07656449204267457,3116.843604651163,0.557976522833802,0.0746756776474243,0.1413788158533185,2692.1119186046512,1.0584442384781376,3.6624934865582373,0.41116431451612906,0.18174667968865363,0.15419849008321762,0.4846900201612903,0.20680480895023193,0.16795658969110058,0.43138860887096775,0.19243253671353863,0.1606672133409208,0.5902847782258065,0.3853078203335885,0.29585165073794706,0.41116431451612906,1.0584442384781376,0.03634933601584165,0.07709924504160881,245.39314516129033,0.4846900201612903,0.041360961603781866,0.08397829484555029,218.10383064516128,0.43138860887096775,0.03848650727060533,0.0803336066704604,242.30745967741936,0.5902847782258065,0.07706156427100781,0.14792582536897353,227.17540322580646,"[0.8002164946725364, 0.9452979789614163, 0.881484084126971, 0.403960396039604, 0.6772364683349934, 0.8421868218202925, 0.48289983663309743, 0.8579807366354046, 0.8871150700368954, 0.4, 0.8109374659468306, 0.9170260888600557]",12,31875896,0.7402717836441532,3.155491402072291,0.3486485635080645,0.1672655264696767,0.14075996594563608,0.41705519153225806,0.17775413622298547,0.14844872994769004,0.36076108870967744,0.1704912978795267,0.14295077143657592,0.5231539818548387,0.314161857529994,0.24404029668338836,0.3486485635080645,0.7402717836441532,0.03345310537805481,0.07037998297281804,238.70262096774192,0.41705519153225806,0.03555082734073362,0.07422436497384502,220.51814516129033,0.36076108870967744,0.034098259684058926,0.07147538571828796,242.53225806451613,0.5231539818548387,0.06283237154204999,0.12202014834169418,226.4264112903226,"[0.831219552651465, 0.9614907921188627, 0.9001346048006463, 0.4297029702970297, 0.7093034513989235, 0.866629021780049, 0.49635093694245447, 0.8765475216141915, 0.8978158503369601, 0.425, 0.8266293777397964, 0.9258933825933908]",0.831219552651465,12,0.8002164946725364,12,0.831219552651465,12,2025-04-03 18:24:51.711898,0:02:13,0:03:01
9.999999999999965e-05,0.23241186807321948,3.4490175446798634,0.3769054301256357,0.1783839683893115,0.15226540461529134,0.45099795918131985,0.19719927910455437,0.16403005986019623,0.3907852253941603,0.18176551516665967,0.15497350907602975,0.5491847332133803,0.3727444767951965,0.2797819900651311,0.3769054301256357,0.23241186807321948,0.035676793728110404,0.07613270230764567,2998.1683139534885,0.45099795918131985,0.0394398559144763,0.08201502993009811,2408.9636627906975,0.3907852253941603,0.03635310299348,0.07748675453801487,3122.2008720930235,0.5491847332133803,0.07454889537983163,0.13989099503256555,2602.766860465116,1.1933859548261088,3.715950392907666,0.4163621471774194,0.18883085274888622,0.15684361263148247,0.4797757056451613,0.21516694693315414,0.17577741271065128,0.4342552923387097,0.19720535172570136,0.1625546000657543,0.5943800403225806,0.3853864862072852,0.30941197708729773,0.4163621471774194,1.1933859548261088,0.03776617056780284,0.07842180631574124,225.9334677419355,0.4797757056451613,0.043033389404656425,0.08788870635532564,209.18649193548387,0.4342552923387097,0.03944107024900375,0.08127730003287716,237.67540322580646,0.5943800403225806,0.07707729713330345,0.15470598854364886,222.6915322580645,"[0.7917397390721641, 0.9383645803008908, 0.8752293662841889, 0.3792079207920792, 0.6712777059935274, 0.8341181170333958, 0.4793603121714177, 0.8562440042412298, 0.8890590293440566, 0.4, 0.8037759160161242, 0.9191227127534423]",13,31875896,0.6730674005323841,3.1149700533959175,0.3445217993951613,0.16371242702007294,0.13894602079545298,0.41088079637096775,0.17970958424191322,0.149666067933844,0.3555947580645161,0.16757114111415802,0.14195616687497786,0.5118447580645161,0.30869740103521653,0.24186912251095619,0.3445217993951613,0.6730674005323841,0.03274248555422791,0.06947301039772649,233.3366935483871,0.41088079637096775,0.035941916788297314,0.074833033966922,213.6602822580645,0.3555947580645161,0.03351422828892546,0.07097808343748893,239.76915322580646,0.5118447580645161,0.061739480303179835,0.12093456125547809,223.9546370967742,"[0.8310898114666848, 0.9592449725855584, 0.9017661721488078, 0.45445544554455447, 0.705781756485731, 0.8677572776619001, 0.4936935948801693, 0.8751848868952327, 0.9008986302967088, 0.45, 0.8194551888552031, 0.9266640250608053]",0.831219552651465,12,0.8002164946725364,12,0.831219552651465,12,2025-04-03 18:27:52.199413,0:02:13,0:03:00
9.999999999999965e-05,0.19818232336709665,3.290137758920359,0.35264530777931213,0.1684862888483114,0.14458860512389693,0.42523230563762576,0.18611450677001198,0.15590014953252881,0.36563234308431314,0.1722959187834762,0.14742118691982226,0.5349231645118359,0.3651475202205569,0.2717504609462827,0.35264530777931213,0.19818232336709665,0.033697257797385374,0.07229430256194846,2976.2072674418605,0.42523230563762576,0.037222901341873546,0.07795007476626441,2513.175,0.36563234308431314,0.03445918383293373,0.07371059345991113,3120.151453488372,0.5349231645118359,0.07302950388470361,0.13587523047314135,2687.984011627907,0.6558233691800025,3.479297399520874,0.3983272429435484,0.19157285050999734,0.15534263921360816,0.4467930947580645,0.20370316938046487,0.16451908768184723,0.4009891633064516,0.19078288203285587,0.15665919730259525,0.5445438508064516,0.3596244697128573,0.26643976713380507,0.3983272429435484,0.6558233691800025,0.038314570011871475,0.07767131960680408,240.67439516129033,0.4467930947580645,0.04074063377394792,0.08225954384092361,228.60181451612902,0.4009891633064516,0.03815657642459677,0.07832959865129763,243.18245967741936,0.5445438508064516,0.07192489414686157,0.13321988356690254,230.1421370967742,"[0.8029900896020952, 0.959116307912012, 0.8802263545552631, 0.25736131832361314, 0.6861387795706473, 0.8390417660103223, 0.47997062817125563, 0.8617804820360017, 0.9006319391742722, 0.35, 0.8270227848201426, 0.9255095962688925]",14,31875896,0.7402717836441532,3.060554523621836,0.34127709173387094,0.15782270580530167,0.13667840065975342,0.39494077620967744,0.17645786882888886,0.1481207658446604,0.34817603326612906,0.1658049805029746,0.1407241427129315,0.5013230846774194,0.30993623142280885,0.23929240650707675,0.34127709173387094,0.7402717836441532,0.03156454116106033,0.06833920032987671,233.73185483870967,0.39494077620967744,0.03529157393401669,0.0740603829223302,218.64415322580646,0.34817603326612906,0.03316099617269731,0.07036207135646574,241.26915322580646,0.5013230846774194,0.06198724623649351,0.11964620325353838,228.96774193548387,"[0.8332997988108624, 0.9619434159094281, 0.9101562251584261, 0.403960396039604, 0.7040454799776414, 0.8707080190501065, 0.4981745413937206, 0.8774111076378546, 0.9041136799964127, 0.4, 0.8312361871302194, 0.9285563020284101]",0.8332997988108624,14,0.8029900896020952,14,0.8332997988108624,14,2025-04-03 18:30:54.074794,0:02:13,0:03:01
9.999999999999965e-05,0.1948716629383176,3.1757586312848467,0.3420456803122232,0.16522761870955313,0.14412694140229115,0.4101806887360506,0.17871004103921181,0.15243511629659076,0.35433847647766736,0.1674858507721923,0.14570572345062743,0.5170774922814481,0.33809921138508375,0.2603257716395134,0.3420456803122232,0.1948716629383176,0.033045523760970245,0.07206347070114558,3031.95261627907,0.4101806887360506,0.03574200821823852,0.07621755814829538,2472.9174418604653,0.35433847647766736,0.03349717020295387,0.07285286172531372,3085.577034883721,0.5170774922814481,0.06761984241216681,0.1301628858197567,2646.859302325581,0.960785404328377,3.3544909338797293,0.384765625,0.17523315296538414,0.1496300892003121,0.4316563760080645,0.19141605123877525,0.1575359628806191,0.3937121975806452,0.18112572883405992,0.15316082849617926,0.5432837701612904,0.33924335553761453,0.25372782613961925,0.384765625,0.960785404328377,0.03504663062912802,0.07481504460015605,252.02520161290323,0.4316563760080645,0.03828321021771239,0.07876798144030955,235.9546370967742,0.3937121975806452,0.0362251456226072,0.07658041424808963,253.22782258064515,0.5432837701612904,0.0678486711075229,0.12686391306980963,231.08366935483872,"[0.8144436937832794, 0.9523271733314548, 0.8991610397745825, 0.354715997915581, 0.7058397143409298, 0.8488700128513245, 0.48631049993254893, 0.8640575928640001, 0.8982049852722243, 0.375, 0.8319796466609243, 0.9220216010691086]",15,31875896,0.7402717836441532,3.014081149331985,0.33439390120967744,0.16240708698188105,0.13768981457237275,0.39839024697580644,0.17185286324351065,0.14494010842134875,0.3448210685483871,0.1655267978147153,0.1403380580727131,0.4912109375,0.2926791815027114,0.22983106730445738,0.33439390120967744,0.7402717836441532,0.032481417420410344,0.06884490728618638,238.26814516129033,0.39839024697580644,0.03437057266672773,0.07247005421067437,221.46975806451613,0.3448210685483871,0.03310535956294306,0.07016902903635655,243.29637096774192,0.4912109375,0.058535836336593476,0.11491553365222869,228.03629032258064,"[0.8310551644742575, 0.9630001602883893, 0.903324779451601, 0.3577557755775577, 0.7097453133288486, 0.8675678048479842, 0.49772400139870526, 0.8758779082490965, 0.9065106525861444, 0.4, 0.8339484567838436, 0.9322159585802289]",0.8332997988108624,14,0.8144436937832794,15,0.8332997988108624,14,2025-04-03 18:33:55.340937,0:02:13,0:03:01
9.999999999999965e-05,0.16771978333938953,3.1653174672015876,0.3375694905602655,0.15982135898152064,0.14121365190245386,0.4161380307618962,0.17684106081724166,0.15219305937373362,0.3524555961753047,0.16324141794858976,0.1435048330315324,0.5211360148219175,0.3392709229574647,0.26193202775578167,0.3375694905602655,0.16771978333938953,0.031964271667218484,0.07060682595122693,3188.523837209302,0.4161380307618962,0.03536821214785409,0.07609652968686681,2556.9552325581394,0.3524555961753047,0.032648283550732356,0.0717524165157662,3192.630523255814,0.5211360148219175,0.06785418446673903,0.13096601387789084,2670.131395348837,0.7157527554419733,3.5296071075624034,0.3736454133064516,0.18606382512277173,0.15313346155228152,0.4451549899193548,0.2157459583493971,0.1722309972730375,0.3851121471774194,0.19755788652166242,0.15990819986308774,0.560546875,0.3807845259866407,0.29972281907835313,0.3736454133064516,0.7157527554419733,0.03721276496446902,0.07656673077614076,236.91834677419354,0.4451549899193548,0.04314919161580263,0.08611549863651875,231.51209677419354,0.3851121471774194,0.039511577166136236,0.07995409993154387,244.63104838709677,0.560546875,0.07615690492093563,0.14986140953917657,234.62399193548387,"[0.806429705348564, 0.9559548169149057, 0.8887732739737919, 0.3287128712871287, 0.7180857512163868, 0.8389814743352315, 0.48209842651107815, 0.8589566512080602, 0.8940136477813374, 0.325, 0.831175324367035, 0.918075192416995]",16,31875896,0.6753028131300404,2.9741533110218663,0.32706968245967744,0.16279980852719275,0.13813561886068312,0.3888608870967742,0.17229461717990138,0.1445404426945794,0.3326770413306452,0.16544234151801757,0.1404027527859134,0.4876512096774194,0.28676454674813057,0.22751434315596858,0.32706968245967744,0.6753028131300404,0.03255996159127643,0.06906780943034156,245.0241935483871,0.3888608870967742,0.034458923393920544,0.0722702213472897,231.34677419354838,0.3326770413306452,0.03308846825553525,0.0702013763929567,246.0383064516129,0.4876512096774194,0.05735290939769437,0.11375717157798429,230.73487903225808,"[0.8340474528510183, 0.9650470136797227, 0.9057315760181758, 0.403960396039604, 0.7282748773173788, 0.8701121489292579, 0.4959408163327889, 0.8760754860393973, 0.9020267107162232, 0.4, 0.8366202560120093, 0.9262673502856379]",0.8340474528510183,16,0.8144436937832794,15,0.8340474528510183,16,2025-04-03 18:36:57.531069,0:02:13,0:03:02
9.999999999999965e-05,0.23779197515443315,3.149612893614658,0.33383291592431624,0.1607913697181746,0.14006941127915715,0.41082801735678387,0.17641818350137667,0.15010973804218825,0.34639610156070355,0.16496434994908266,0.14317517765732699,0.5158277381298154,0.3439872923978539,0.26321262502393056,0.33383291592431624,0.23779197515443315,0.03215827404759651,0.07003470563957857,2931.6357558139534,0.41082801735678387,0.03528363657898681,0.07505486902109412,2499.320639534884,0.34639610156070355,0.03299287000541077,0.07158758882866349,3021.1828488372093,0.5158277381298154,0.06879745851769004,0.13160631251196528,2712.648546511628,0.8555435672883065,3.4961064515575284,0.3619739163306452,0.18035802377327795,0.15175909272605373,0.4445249495967742,0.20077431634549173,0.16596292620224337,0.3748109879032258,0.1923461748707679,0.15828890425543632,0.5590032762096774,0.3937783649852199,0.3125255316976578,0.3619739163306452,0.8555435672883065,0.0360716047186044,0.07587954636302686,225.08467741935485,0.4445249495967742,0.040154863209013014,0.08298146310112169,211.54334677419354,0.3748109879032258,0.03846923481192319,0.07914445212771816,240.36995967741936,0.5590032762096774,0.07875567308116344,0.1562627658488289,223.25,"[0.8084851552894022, 0.9488937299080656, 0.8893200316277012, 0.41974373907979035, 0.6875688352077405, 0.8435196022610412, 0.48289909367443135, 0.8637533106500848, 0.8933142885959234, 0.45, 0.8228437951451767, 0.9166267203883786]",17,31875896,0.7004047516853579,2.992439196955773,0.3233996975806452,0.16422398520573492,0.1383699736287517,0.3880418346774194,0.17194525957588228,0.14403194321259374,0.33048765120967744,0.16544245111365471,0.1405418510398557,0.4964402721774194,0.2941794292100014,0.2353348532511342,0.3233996975806452,0.7004047516853579,0.03284479706217685,0.06918498681437585,231.0241935483871,0.3880418346774194,0.03438905181903993,0.07201597160629687,224.39616935483872,0.33048765120967744,0.03308849015663708,0.07027092551992785,243.60383064516128,0.4964402721774194,0.05883588557762484,0.1176674266255671,231.58064516129033,"[0.8364729728467739, 0.9646427589911374, 0.9087788065221828, 0.3792079207920792, 0.720464902072858, 0.8734656237473413, 0.4984749640419066, 0.8769143973902983, 0.9041960062468667, 0.375, 0.8383158873718979, 0.9281308241369893]",0.8364729728467739,17,0.8144436937832794,15,0.8364729728467739,17,2025-04-03 18:39:58.897469,0:02:13,0:03:01
9.999999999999965e-05,0.21026650362236554,3.1141461882480357,0.334530426665794,0.15661431519791139,0.13776142032340516,0.408843213181163,0.16952603947977687,0.14704029955143152,0.34972162967504455,0.15968490211769593,0.14009304202573244,0.5136148239290992,0.33643136225467507,0.2602847109007281,0.334530426665794,0.21026650362236554,0.0313228631348804,0.06888071016170258,2705.0366279069767,0.408843213181163,0.03390520789422268,0.07352014977571576,2487.978488372093,0.34972162967504455,0.03193698037675647,0.07004652101286622,2680.865406976744,0.5136148239290992,0.06728627253756966,0.13014235545036404,2684.419476744186,0.9569405586488785,3.4467172661135272,0.3816941784274194,0.1806387503541285,0.14958692498264775,0.4440209173387097,0.20250289863155735,0.16253884605342342,0.3984375,0.1847913659388019,0.15303743306186893,0.5431577620967742,0.3660655685009495,0.28024509981755286,0.3816941784274194,0.9569405586488785,0.03612774995065505,0.07479346249132388,246.2298387096774,0.4440209173387097,0.04050057979240533,0.08126942302671171,232.02822580645162,0.3984375,0.0369582734100761,0.07651871653093446,244.33366935483872,0.5431577620967742,0.0732131140126336,0.14012254990877643,239.28931451612902,"[0.8156031797526629, 0.9576397678832378, 0.8860940057744833, 0.3336155354665901, 0.682478072580428, 0.8562994364753993, 0.4876247474123446, 0.8591559902086419, 0.8831167877369506, 0.4, 0.7994264615450701, 0.9142933782303463]",18,31875896,0.6730674005323841,2.9789823582095485,0.32426600302419356,0.15998629408497964,0.1359369480802167,0.3801820816532258,0.17472817556511971,0.14540968691149064,0.33059790826612906,0.16516439027843938,0.13907119175118784,0.4861706149193548,0.2988601204368376,0.23860893951308343,0.32426600302419356,0.6730674005323841,0.031997258744893536,0.06796847404010835,230.7540322580645,0.3801820816532258,0.03494563512504101,0.07270484345574532,220.6764112903226,0.33059790826612906,0.03303287812178173,0.06953559587559392,236.12298387096774,0.4861706149193548,0.05977202393114567,0.11930446975654171,229.19354838709677,"[0.8357665664770029, 0.9634788957907904, 0.9088220925551617, 0.40471753057658705, 0.7193478672972276, 0.8734440952624257, 0.49916512512197897, 0.8744708564691546, 0.8981352304485011, 0.425, 0.829140422835801, 0.9216775909491811]",0.8364729728467739,17,0.8156031797526629,18,0.8364729728467739,17,2025-04-03 18:43:00.373360,0:02:14,0:03:01
9.999999999999965e-05,0.07864351494367733,3.0998781226402103,0.3196351614802383,0.15862729251384736,0.1394817049766696,0.39881122763766796,0.17433901585118716,0.1502823065186656,0.33223631582980934,0.16239507711210915,0.14188980598782383,0.5067976919717567,0.34926799542682113,0.2661145149275314,0.3196351614802383,0.07864351494367733,0.031725458549552187,0.0697408524883348,3066.1747093023255,0.39881122763766796,0.03486780318063359,0.0751411532593328,2529.1642441860463,0.33223631582980934,0.032479015399896824,0.07094490299391192,3081.5372093023257,0.5067976919717567,0.06985359905764114,0.1330572574637657,2798.179360465116,1.203128199423513,3.3733790074625323,0.3688098538306452,0.17441862280811032,0.1454738033635001,0.4426663306451613,0.190488901710318,0.1571678400280014,0.38237147177419356,0.18136631901706418,0.14986590368132438,0.5465914818548387,0.3554086180463914,0.2787498512095021,0.3688098538306452,1.203128199423513,0.03488372455561353,0.07273690168175005,227.91935483870967,0.4426663306451613,0.0380977802879868,0.0785839200140007,224.7358870967742,0.38237147177419356,0.03627326372530191,0.07493295184066219,232.09475806451613,0.5465914818548387,0.07108172341700524,0.13937492560475104,231.9264112903226,"[0.820312677413543, 0.9601801510484083, 0.8927221573780788, 0.4170129689025241, 0.7056919084683398, 0.8588068306066768, 0.4930449681055874, 0.8659461192276681, 0.8918381767760392, 0.45, 0.8262428259439369, 0.9160061482215088]",19,31875896,0.6054102989935106,2.992658688176063,0.32369896673387094,0.16240465040168456,0.13761835449164914,0.38424584173387094,0.17670148478881006,0.14706554420052037,0.3311649445564516,0.16660031772428943,0.13995389772518987,0.48705267137096775,0.298759285961428,0.23739275360299694,0.32369896673387094,0.6054102989935106,0.03248093017346917,0.06880917724582457,236.6139112903226,0.38424584173387094,0.03534029682557429,0.07353277210026019,229.15322580645162,0.3311649445564516,0.033320063785199194,0.06997694886259494,241.8326612903226,0.48705267137096775,0.059751856831773635,0.11869637680149847,234.14415322580646,"[0.8350275815098397, 0.9656352015185616, 0.899840689899143, 0.4168316831683168, 0.7203484580842657, 0.8726934634378465, 0.5000083952998767, 0.8727077504110117, 0.8953009974343878, 0.425, 0.8169716666327549, 0.9196557862958941]",0.8364729728467739,17,0.820312677413543,19,0.8364729728467739,17,2025-04-03 18:46:01.764235,0:02:13,0:03:01
9.999999999999965e-05,0.133550138251726,3.1055265748223593,0.32169901368229886,0.15624453917492268,0.13681852807139241,0.4166420652422794,0.17123100875422012,0.14705242369064064,0.3389416183150092,0.15940672682468282,0.13937000857536183,0.5162390363770862,0.34046169360016665,0.26141990499441015,0.32169901368229886,0.133550138251726,0.031248907900826874,0.06840926403569621,2660.009011627907,0.4166420652422794,0.034246201700595925,0.07352621184532032,2461.9334302325583,0.3389416183150092,0.03188134535800579,0.06968500428768092,2631.2854651162793,0.5162390363770862,0.06809233875815258,0.13070995249720507,2833.116569767442,0.8651642337922127,3.4150587858692294,0.3764805947580645,0.1824293018829438,0.15045328786776913,0.47092363911290325,0.1995296766681056,0.16234383131227187,0.3917905745967742,0.18603979808188253,0.15345628872033087,0.5695564516129032,0.3189200977644613,0.25313528170508726,0.3764805947580645,0.8651642337922127,0.03648586018431571,0.07522664393388456,222.68245967741936,0.47092363911290325,0.03990593519542487,0.08117191565613593,222.21774193548387,0.3917905745967742,0.0372079596704533,0.07672814436016544,233.15725806451613,0.5695564516129032,0.06378401984130183,0.12656764085254363,237.4929435483871,"[0.8192007440855907, 0.9597340170004883, 0.9078965600482122, 0.3589558955895589, 0.7049722289304613, 0.8523875424097025, 0.48878873255677474, 0.867346486860882, 0.8916268928172962, 0.375, 0.8172596801432438, 0.9155636247231016]",20,31875896,0.7375835295646421,3.020322472818436,0.3256678427419355,0.16423439835348436,0.1381678515143933,0.3880733366935484,0.1829295694347351,0.15055811381147755,0.33587449596774194,0.16674987995816815,0.13999395444989204,0.4983618951612903,0.2951663210988045,0.23454479200224723,0.3256678427419355,0.7375835295646421,0.03284687975481633,0.06908392575719664,226.29334677419354,0.3880733366935484,0.03658591376076783,0.07527905690573877,221.1320564516129,0.33587449596774194,0.03334997610880002,0.06999697722494602,234.1391129032258,0.4983618951612903,0.05903326407555611,0.11727239600112362,236.09879032258064,"[0.8372799309201955, 0.9647407985780294, 0.9066779409767399, 0.4048184818481848, 0.7307926399680186, 0.8726459003589835, 0.498254138936361, 0.877221436345812, 0.8987885930396072, 0.425, 0.8278167736020963, 0.923845707390148]",0.8372799309201955,20,0.820312677413543,19,0.8372799309201955,20,2025-04-03 18:49:04.238883,0:02:13,0:03:02
9.999999999999965e-05,0.11455120707667152,3.2328122748885044,0.3296767307575359,0.1573603151149528,0.13898262637992237,0.4501053897447364,0.17578787599192108,0.15068185973999113,0.35337379810421965,0.16118112743593926,0.14139583848936613,0.5484050680038541,0.3538323213194692,0.27202931670255437,0.3296767307575359,0.11455120707667152,0.03147206298227227,0.06949131318996118,2693.1912790697675,0.4501053897447364,0.03515757523303808,0.07534092986999556,2530.2156976744186,0.35337379810421965,0.03223622546986092,0.07069791924468306,2681.117441860465,0.5484050680038541,0.07076646425696306,0.13601465835127718,2807.2773255813954,1.2321884401382939,3.4539007756017868,0.3751260080645161,0.18424070578429005,0.15344503377714463,0.4435168850806452,0.2041750621170767,0.1691127442304165,0.3853956653225806,0.19097861491384044,0.1602864404839854,0.5542464717741935,0.35207420443334886,0.28130293709616505,0.3751260080645161,1.2321884401382939,0.03684814118089214,0.07672251688857232,215.90927419354838,0.4435168850806452,0.04083501259165426,0.08455637211520825,211.90927419354838,0.3853956653225806,0.03819572291667423,0.0801432202419927,226.80645161290323,0.5542464717741935,0.07041484057422608,0.14065146854808253,230.94959677419354,"[0.8084561039352183, 0.9564427423821917, 0.8945230527790545, 0.35433797617049845, 0.6893115408565408, 0.8482302119452765, 0.4810716466785605, 0.8591773498238079, 0.8872918184124036, 0.4, 0.8030326673042099, 0.9173646093076603]",21,31875896,0.5858834789645287,3.0140605568885803,0.3248330393145161,0.16634709820632013,0.1395932679935809,0.3963898689516129,0.1801349080858692,0.14882606436167994,0.33159022177419356,0.1675375857420506,0.14084238559007645,0.4894468245967742,0.2945138624598903,0.23400545456717092,0.3248330393145161,0.5858834789645287,0.03326941966529815,0.06979663399679045,219.35887096774192,0.3963898689516129,0.03602698168927623,0.07441303218083997,217.27520161290323,0.33159022177419356,0.033507516878026146,0.07042119279503822,230.9929435483871,0.4894468245967742,0.05890277262416578,0.11700272728358546,233.27520161290323,"[0.8412964860866137, 0.9652321258323776, 0.910195092334256, 0.40547466511357017, 0.7259069102880809, 0.8764549818068944, 0.4958617364296369, 0.8773426782950412, 0.9035268901444159, 0.425, 0.8317904625126887, 0.9281177952636759]",0.8412964860866137,21,0.820312677413543,19,0.8412964860866137,21,2025-04-03 18:52:05.234903,0:02:13,0:03:00
9.999999999999965e-05,0.13231435376544332,3.0407986175182256,0.3136676397434501,0.1544568971839062,0.13582320050444713,0.41132455211739205,0.16807909372240998,0.14527910927007365,0.3318601191736931,0.1570732997946961,0.13780320813489516,0.5088122650634411,0.32401204116122667,0.25260719074759375,0.3136676397434501,0.13231435376544332,0.030891379419454308,0.06791160025222356,2799.2662790697673,0.41132455211739205,0.03361581885364166,0.07263955463503682,2473.406686046512,0.3318601191736931,0.03141465995374114,0.06890160406744758,2746.086918604651,0.5088122650634411,0.06480240830501845,0.12630359537379687,2807.3936046511626,0.5953451587307838,3.281934153649115,0.35250756048387094,0.18441368615435016,0.15170599760547762,0.4143460181451613,0.2024743597834341,0.16415579701142927,0.3600522933467742,0.1865947766890449,0.15458972764111334,0.5210748487903226,0.33240151693744047,0.25761757214223185,0.35250756048387094,0.5953451587307838,0.03688273726091269,0.07585299880273881,228.75100806451613,0.4143460181451613,0.040494871836516164,0.08207789850571463,220.70262096774192,0.3600522933467742,0.037318955445962566,0.07729486382055667,233.05443548387098,0.5210748487903226,0.0664803032432833,0.12880878607111593,230.77318548387098,"[0.8229102229399284, 0.9644739043877241, 0.9027740514040875, 0.3826732673267327, 0.6963027167088485, 0.8573537367576785, 0.4908481882926526, 0.8666100876505871, 0.8967239885719408, 0.4, 0.8227627180815829, 0.9227839707666778]",22,31875896,0.47732260919386343,2.8990757849908646,0.3145476310483871,0.15535864414226624,0.1336499908037724,0.3803868447580645,0.16706998550122784,0.14194959125691844,0.3228641633064516,0.1604386890126813,0.1364407281000768,0.4725617439516129,0.28640010760676476,0.22740767583731683,0.3145476310483871,0.47732260919386343,0.03107172887652151,0.0668249954018862,229.42741935483872,0.3803868447580645,0.033413997010117574,0.07097479562845922,218.29133064516128,0.3228641633064516,0.03208773793472398,0.0682203640500384,235.0453629032258,0.4725617439516129,0.057280021509335886,0.11370383791865842,233.22479838709677,"[0.8465591781785372, 0.9695249921324625, 0.9176515212863943, 0.3562889622295563, 0.741347846766393, 0.8816852796940282, 0.5021678894355606, 0.8809641881291337, 0.9064863419269922, 0.375, 0.8413365645693306, 0.9308190609462341]",0.8465591781785372,22,0.8229102229399284,22,0.8465591781785372,22,2025-04-03 18:55:08.187174,0:02:14,0:03:02
9.999999999999965e-05,0.11585235595703125,3.0252136330271875,0.3069802149783733,0.1529795352109643,0.13456417044927907,0.38451027135516325,0.17075285197690476,0.1459102617793305,0.31908031563426176,0.1574573316892912,0.13782326433547706,0.5036678735599961,0.3479653307171755,0.26352219741011773,0.3069802149783733,0.11585235595703125,0.03059590694516204,0.06728208522463953,3022.6912790697675,0.38451027135516325,0.03415057035379632,0.07295513088966525,2407.1287790697675,0.31908031563426176,0.03149146634305632,0.06891163216773853,2938.2566860465117,0.5036678735599961,0.06959306608105814,0.13176109870505887,2727.4642441860465,0.8657198259907384,3.2554435922253515,0.3514522429435484,0.17088564845823473,0.1424097084710675,0.4180947580645161,0.1867705851552948,0.1531294345134689,0.3601783014112903,0.18009667110539251,0.14857154255432467,0.5244140625,0.3589702981614297,0.2604703706118368,0.3514522429435484,0.8657198259907384,0.03417712987791146,0.07120485423553374,229.71975806451613,0.4180947580645161,0.037354117049084555,0.07656471725673444,211.0826612903226,0.3601783014112903,0.036019334118933446,0.07428577127716234,229.43951612903226,0.5244140625,0.07179405972842247,0.1302351853059184,233.92842741935485,"[0.8329014891481514, 0.9636640303354521, 0.9132500139766718, 0.3827439886845827, 0.706849045712267, 0.8722267920637499, 0.4940434340501266, 0.8722077857344978, 0.9033922173058256, 0.4, 0.8344324503812824, 0.9315384299467041]",23,31875896,0.5065263317477319,2.9367136762988184,0.31779233870967744,0.15727731008683482,0.1342132521733161,0.3751575100806452,0.17406196663937262,0.14464776554415304,0.3266759072580645,0.16163559894888632,0.1372881965531457,0.48169732862903225,0.29410268438439213,0.232163822939319,0.31779233870967744,0.5065263317477319,0.03145546189719631,0.06710662608665804,232.2953629032258,0.3751575100806452,0.0348123932677892,0.07232388277207652,216.97379032258064,0.3266759072580645,0.03232711969664501,0.06864409827657285,235.5826612903226,0.48169732862903225,0.05882053642022994,0.1160819114696595,234.0141129032258,"[0.842371082923738, 0.9675804800717713, 0.9138362089343927, 0.40957095709570956, 0.7304768264316982, 0.878288277862731, 0.49897184602222067, 0.878189246183302, 0.910581358638429, 0.475, 0.8456440061900465, 0.9356787032284279]",0.8465591781785372,22,0.8329014891481514,23,0.8465591781785372,22,2025-04-03 18:58:10.053363,0:02:13,0:03:01
9.999999999999965e-05,0.10917589054551236,2.945593054350032,0.30788866503294127,0.152423201120177,0.13337587617164434,0.3743745734525281,0.16612918737322785,0.14191595225833184,0.31823319473931955,0.15567636857199113,0.13548878587262575,0.48419830064440883,0.324826643633288,0.2510622933160427,0.30788866503294127,0.10917589054551236,0.030484640221436356,0.06668793808582217,2752.389534883721,0.3743745734525281,0.03322583740187246,0.07095797612916592,2414.35,0.31823319473931955,0.031135273716130923,0.06774439293631287,2562.7087209302326,0.48419830064440883,0.0649653286781422,0.12553114665802134,2701.7281976744184,0.5378956948557208,3.310137641045355,0.3556577620967742,0.17481958193163719,0.14665385972588293,0.4383820564516129,0.19782400635942335,0.16334553783939731,0.3741179435483871,0.1847228690260841,0.1528565893250127,0.5307459677419355,0.3256480023264885,0.26536344135961226,0.3556577620967742,0.5378956948557208,0.034963916446412766,0.07332692986294147,233.39818548387098,0.4383820564516129,0.03956480113969695,0.08167276891969866,208.93145161290323,0.3741179435483871,0.03694457386530215,0.07642829466250635,227.33165322580646,0.5307459677419355,0.06512960070563902,0.13268172067980613,224.66431451612902,"[0.8285498439810195, 0.9605949918570883, 0.9111937171964245, 0.45445544554455447, 0.7173231440199029, 0.8662402094988927, 0.49396890049378034, 0.8723356705914525, 0.9052223443984015, 0.45, 0.8311297569875408, 0.9316529184013965]",24,31875896,0.4111429029895413,2.880335740504726,0.31276776713709675,0.15613007293112816,0.1346848172045523,0.3601467993951613,0.17045002562865133,0.14324507838295353,0.31486265120967744,0.16385008142359794,0.13803423220111477,0.4671118951612903,0.2888440494575808,0.23020828611427738,0.31276776713709675,0.4111429029895413,0.03122601453815737,0.06734240860227615,230.5866935483871,0.3601467993951613,0.0340900051317388,0.07162253919147676,214.60282258064515,0.31486265120967744,0.032770016080429475,0.06901711610055739,230.5695564516129,0.4671118951612903,0.057768809999669754,0.11510414305713869,230.45866935483872,"[0.8479039382894642, 0.9698590871461017, 0.9207329524673806, 0.45445544554455447, 0.7383065603565282, 0.8831897955656072, 0.5016610068356971, 0.8841035139676491, 0.9110077725459522, 0.45, 0.8506016338738887, 0.9334850128850365]",0.8479039382894642,24,0.8329014891481514,23,0.8479039382894642,24,2025-04-03 19:01:12.585583,0:02:14,0:03:02
